Unnamed: 0,tweet,sarcastic,rephrase,sarcasm,irony,satire,understatement,overstatement,rhetorical_question,is_sarcastic,roberta_label,roberta_conf,semantic_entropy,mc_disagreement,correct
1602,Less than 5 minutes after getting my phone back after staff training week at camp I ran my face into a tree branch whilst texting,0,,,,,,,,False,neutral,0.4620198011398315,0.7219280948873623,0.19999999999999996,1
805,Love seeing 15 year olds being vaccinated in the states when I have to wait till the end of June for my first one,1,I don't like the fact that younger people in america are getting the vaccine when I still have to wait another month for mine in england ,1.0,0.0,0.0,0.0,0.0,0.0,True,positive,0.74851393699646,0.9219280948873624,0.19999999999999996,0
864,I get a lot of boy who cried wolf vibes from the Red Cross and their emergency blood shortages all the time,1,The red cross is always needy. ,0.0,1.0,0.0,0.0,0.0,0.0,True,negative,0.5646041035652161,0.0,0.0,1
321,im about to just walk into a place and start working then and there and they'll have no choice but to hire me on the spot,1,I wish someone would hire me so I don't have to go through hoops and hurdles.,1.0,0.0,0.0,0.0,0.0,0.0,True,neutral,0.5306652784347534,0.0,0.0,0
2119,Every time I comment on a TikTok asking for captions and the creator actually starts adding captions I get a happy little feeling in my chest thank you 💜💜💜💜,0,,,,,,,,False,positive,0.9752324223518372,0.0,0.0,1
51,"July 1st. Half way point of the year. Well I think we can all agree that 2020 has gone swimmingly so far. 
Can’t wait for part 2. 
#murderhornets",1,"The first half of 2020 is now over, it's been awful so far hasn't it.",0.0,1.0,0.0,0.0,0.0,0.0,True,positive,0.967864453792572,0.0,0.0,0
1801,@mikk2k2 @ArgoBlockchain All/any updates are fully appreciated Mike. Many thanks,0,,,,,,,,False,positive,0.9631739258766174,0.0,0.0,1
2851,I love my writing teacher sm plsss,0,,,,,,,,False,positive,0.9799347519874572,0.0,0.0,1
764,If anyone wants to know how my nights going I tried making a private story on Snapchat and instead made a group chat... I hate my life,1,this was the most embarrassing moment of my life.,1.0,0.0,0.0,0.0,1.0,0.0,True,negative,0.8478274941444397,0.0,0.0,1
139,Kind of rude of my stomach to still make whale noises after I’ve given it a whole protein bar,1,I wish that my stomach could stop making whale noises after feeding it a protein bar,1.0,0.0,0.0,0.0,0.0,0.0,True,negative,0.7609929442405701,1.295461844238322,0.4,1
2764,"there isn’t a labor shortage. no one wants to work at a minimum wage job with no benefits; where hogs &amp; karens get free meals and coupons for throwing tantrums. 

idk how this is news to anyone under 30.",0,,,,,,,,False,negative,0.792487382888794,0.0,0.0,1
1178,"My children are 18, 9, and 7.  They have never known their nation at peace #ww111",0,,,,,,,,False,negative,0.9043501019477844,1.295461844238322,0.4,0
2968,Selling my 4 day lollapalooza pass! Message me if interested!,0,,,,,,,,False,neutral,0.511780321598053,1.360964047443681,0.5,1
1674,@PetsatHome racial stereotyping is the problem. Please listen and retrain your staff. https://t.co/UvLkji9s5H,0,,,,,,,,False,negative,0.8858025074005127,0.0,0.0,1
1255,really not taking this 'university in lockdown' thing seriously,0,,,,,,,,False,negative,0.8014037013053894,0.7219280948873623,0.19999999999999996,1
279,"As if I didn't know this anyway!
I'm an Owl according to the #BBCBodyClock quiz – what are you? https://t.co/vM07K82CTg",1,I already knew that I am a night-owl.,1.0,0.0,0.0,0.0,0.0,0.0,True,neutral,0.7082436680793762,1.370950594454669,0.4,1
2708,The meaning behind Little Talks - @monstersandmen has to be the most pure example of love I've heard in a song for at least a little while #ILoveYou,0,,,,,,,,False,positive,0.9735980033874512,0.0,0.0,1
3457,@Fatmangoes2 @avarebecca919 @daviddunn177 @SethAbramson It geta weirder and weirder and I think the only good guy was a drug dealer that has actually murdered people.,0,,,,,,,,False,negative,0.9176955223083496,0.46899559358928117,0.09999999999999998,1
3022,"okay ""deja vu"" is doing something for me that ""driver's license"" never did, and I think it might have something to do with those washed-out, low-fi drums that come in at like, 1:30. 10/10 production choice",0,,,,,,,,False,positive,0.8465731739997864,0.0,0.0,1
1104,i just sewed through my finger and my brain is just like ' how annoying is it that i just broke another needle and i'm going to have to buy some more' instead of OW I have 2 holes in my finger. can i swap brains,0,,,,,,,,False,negative,0.9189550876617432,1.4854752972273346,0.5,1
1465,my eye doctor is so cute and charming ok,0,,,,,,,,False,positive,0.9794418811798096,0.0,0.0,1
3256,"Had a look at the hashtag for #Malignant and tbh - it’s fine. The last 5 years have had some really new ideas in horror - this is no new ideas, but lots more body horror. And hot take: I’m not sure you can do body horror without being some kind of problematic.",0,,,,,,,,False,positive,0.6112313866615295,0.46899559358928117,0.09999999999999998,0
3429,My best friend rly is my soulmate,0,,,,,,,,False,positive,0.978074312210083,0.0,0.0,1
811,If you don't like Lemonade you're an extremist 🍋,1,I don't understand people who are disgusted by Lemonade.,1.0,0.0,0.0,0.0,1.0,0.0,True,negative,0.7207431793212891,1.1567796494470395,0.30000000000000004,1
1338,"Doggo owners have started walking the dogs around the technology park I work on &amp; I can see them all from my desk. 

This is the only positive of working from the office",0,,,,,,,,False,positive,0.778789222240448,0.7219280948873623,0.19999999999999996,1
1270,You can help protect Hossein and Arman. Join me and @AmnestyUK in calling on Iran to halt the executions now https://t.co/Sni2E0qOm6,0,,,,,,,,False,neutral,0.6897834539413452,1.4854752972273346,0.5,0
295,we happy!!!!!!!!!!,1,I am unhappy,1.0,0.0,0.0,0.0,0.0,0.0,True,positive,0.9859657287597656,0.0,0.0,0
2490,pcc is cheugy,0,,,,,,,,False,neutral,0.6756330728530884,0.0,0.0,0
1650,Our kids/grandkids will have to remember today’s date for a US history test 😅,0,,,,,,,,False,neutral,0.758675217628479,1.1567796494470395,0.30000000000000004,1
2155,Well that was humiliating for India. No clouds and yet Anderson still delivers. I expect India to come back hard. #Cricket #INDvENG #ENGvsIND #3rdTest #bbccricket,0,,,,,,,,False,negative,0.5819346904754639,1.360964047443681,0.5,1
70,"🌶 Spiced Coconut curry 🥥

.
A weekend spent with friends brings a week of content... or something like that 😜

.
Started the weekend off with this yummy morsel, With was a fusion of miso sesame aubergine 🍆, broccoli… https://t.co/zyWiA0EX4u",1,I’m recovering from a hangover ,1.0,0.0,0.0,0.0,0.0,0.0,True,positive,0.8951863646507263,0.0,0.0,0
3086,Wow we aren’t the favourites this time? https://t.co/qKj4fKvYm3,0,,,,,,,,False,negative,0.7893915176391602,1.0,0.5,0
3068,Omg flashbacks to emma blackery girl balls merch and the fact that i spent money on it,0,,,,,,,,False,neutral,0.4719275236129761,0.9219280948873624,0.19999999999999996,0
1983,Listening to other remix entries on previous contests I've entered and then being blindsided by the ones never made public is never fun haha,0,,,,,,,,False,negative,0.7652719020843506,0.46899559358928117,0.09999999999999998,1
1517,feeling v grateful!!!!,0,,,,,,,,False,positive,0.9840335845947266,0.0,0.0,1
32,Trying to know all this history tonight is gonna kill me,1,trying to know all this history is going to be be a challenge,1.0,0.0,0.0,0.0,0.0,0.0,True,negative,0.8350390195846558,0.46899559358928117,0.09999999999999998,1
196,@raerenyse Easily one of the worst and most damaging takes for both trans AND cis women I have seen thus far. Congrats on reaching new levels of awful lmao,1,Easily one of the worst and most damaging takes for both trans AND cis women I have seen thus far. You have surprised me by reaching new depths of depravity via tweeting this.,1.0,0.0,0.0,0.0,0.0,0.0,True,negative,0.941436231136322,0.0,0.0,1
478,pay it forward is honestly one of the worst movies I've ever seen why would would anyone make an ending so sad I've been crying for 30 min,1,The ending to Pay It Forward made me extremely sad and I’m not happy about it. ,1.0,0.0,0.0,0.0,0.0,0.0,True,negative,0.9625471234321594,0.0,0.0,1
411,Entry level jobs that require 3 years prior experience 💕💕 ly 💕💕,1,I hate entry level jobs that require years of experience ,0.0,1.0,0.0,0.0,0.0,0.0,True,positive,0.8059406876564026,0.9219280948873624,0.19999999999999996,1
2672,@FOX9 @Aimee_Garcia @tomellis17 @netflix when is season 5 of Lucifer coming?? After corona is gone??,0,,,,,,,,False,neutral,0.8476534485816956,0.0,0.0,0
2140,"Always here if anyone needs to talk during this time, if you need someone to listen please message me x",0,,,,,,,,False,positive,0.5488227605819702,0.0,0.0,1
544,"Well done to the guy who was charging down the stairs at Ealing Broadway and sent me flying, you made me cry.",1,"Shame on the guy who was charging down the stairs at Ealing Broadway and sent me flying, you made me cry",1.0,0.0,0.0,0.0,0.0,0.0,True,positive,0.8702771067619324,1.370950594454669,0.4,1
2958,"me: *finishes book 100 of the year, gets excited to relax and watch trash tv the rest of the year*

also me: *starts book 101 ten minutes later*",0,,,,,,,,False,positive,0.4484560787677765,0.46899559358928117,0.09999999999999998,0
1488,"Who wants a cute customised animal cushion this month to put a little sparkle back in your days. 

Here is 10% off, just because life's a bit crap at the moment, so im sending you some love xxxxx https://t.co/ENGvzpBLyt",0,,,,,,,,False,positive,0.8807454705238342,0.46899559358928117,0.09999999999999998,1
1978,i want grilled cheese but i dont wanna be shittin and fartin,0,,,,,,,,False,negative,0.7922957539558411,0.9709505944546688,0.4,0
1210,If something says “made with coconut oil” i will absolutely spend $1-5 more on it.,0,,,,,,,,False,negative,0.5309752821922302,0.0,0.0,0
2428,i can’t wait until the weather cools down so i can read under a tree at a park and look like a mysterious intellectual,0,,,,,,,,False,positive,0.9050842523574828,0.0,0.0,1
3004,denmann brushes r so therapeutic to clean,0,,,,,,,,False,positive,0.9449165463447572,0.0,0.0,1
3348,@Riotswimbananas that haircut looks so good on you!,0,,,,,,,,False,positive,0.9800317287445068,0.0,0.0,1
1454,I heard somebody unironically say Daddy God in a prayer today and akslfljsd why are Christians so cringey sometimes 😭,0,,,,,,,,False,negative,0.8934512138366699,0.46899559358928117,0.09999999999999998,1
183,@PlayStationUK Nice,1,These aren't very good games,1.0,0.0,0.0,0.0,0.0,0.0,True,positive,0.8774369359016418,0.9709505944546688,0.4,0
2144,"Wishing you all the luck today @britneyspears - we are all ROOTING for you, for change and for your freedom. All the love 💚☘️ #FreeBritney",0,,,,,,,,False,positive,0.9820111989974976,0.0,0.0,1
761,Did you know? Abuse and alcoholism and depression will just ✨disappear✨ if the country is opened completely during a pandemic? #trumpisanidiot #bidenharris2020,1,"Trump thinks that if people socialize during a pandemic, every mental health issue will be solved.",1.0,0.0,0.0,0.0,0.0,1.0,True,negative,0.8952403664588928,0.0,0.0,1
2439,I love the weekend of the 4th bc its the only time I can jam out to my fave song God Bless the USA w/o being judged 🇺🇸,0,,,,,,,,False,positive,0.9690799713134766,0.0,0.0,1
2713,Why am I obsessed with Frozen 2 😳,0,,,,,,,,False,positive,0.962024986743927,0.46899559358928117,0.09999999999999998,1
1003,I am so fucking tired of living in the UK.,0,,,,,,,,False,negative,0.950549840927124,0.0,0.0,1
203,Hahahah @LibertyU is shutting down the entire campus for quarantine!! Couldn’t happen to a nicer group of Covid deniers! #CovidIsNotOver #karmaisabitch #Covid_19,1,It seems like liberty university has been chromatically shut down due to their inability to abide by social distancing or mask rules,1.0,0.0,0.0,0.0,0.0,0.0,True,negative,0.8992449045181274,0.46899559358928117,0.09999999999999998,1
1032,(Shameless Dead Snow 2 misquote) The sequel I did 'nazi' coming! Can't wait! https://t.co/gngxw5kbDh,0,,,,,,,,False,positive,0.950301706790924,0.46899559358928117,0.09999999999999998,1
2025,"just got an A in my actuarial mathematics course,  if that doesnt prove the power of manifestation idk what will",0,,,,,,,,False,positive,0.9071272015571594,0.0,0.0,1
1847,need a new pfp pls send suggestions,0,,,,,,,,False,neutral,0.600538432598114,1.0,0.5,1
3265,@elizableu @Timcast This is a powerful message you are conveying and I have the upmost respect for you for putting it all out there.,0,,,,,,,,False,positive,0.9639127850532532,0.0,0.0,1
3211,"""Join me on @WeAre8Official to help save our planet in just 2 minutes a day"". #UnitedForGood https://t.co/a4xzjbRWXJ",0,,,,,,,,False,positive,0.8525353670120239,0.0,0.0,1
26,@DuncanEdwards03 @PoliticsForAlI Well I doubt they're trying to smash the doors in to change the regulation of cough medicine.,1,They are from an anti-vax movement and are attempting to enter the building that regulates medicine to change covid vaccination rules. ,1.0,0.0,0.0,0.0,0.0,0.0,True,negative,0.5557780861854553,0.0,0.0,0
869,Sometimes I just go through my phone and look at pictures of my dog,0,,,,,,,,False,neutral,0.7799494862556458,0.8812908992306927,0.30000000000000004,1
486,@32watto Neighbours,1,I'd suggest a programme like entourage,1.0,0.0,0.0,0.0,0.0,0.0,True,neutral,0.8493755459785461,0.0,0.0,0
1374,Owwwww stressful day.,0,,,,,,,,False,negative,0.8961493968963623,0.0,0.0,1
1566,Nothing but respect to the people in my neighborhood who are already putting out their Halloween 🎃 decorations,0,,,,,,,,False,positive,0.911982238292694,0.0,0.0,1
3059,how can a person look at lizzo and not think she’s hot it makes no sense,0,,,,,,,,False,negative,0.7618459463119507,0.0,0.0,0
1315,THAT’S MY BEST FRIEND♥️♥️ https://t.co/Ye6dBqiN2v,0,,,,,,,,False,positive,0.9819976687431335,0.0,0.0,1
2218,Crocodile tears!! It's too late to save yourself now luv!,0,,,,,,,,False,negative,0.8168532848358154,0.0,0.0,1
2970,The Fourth of July is my favorite holiday for as long as the Nathan’s Hot Dog contest takes then the appeal dissipates.,0,,,,,,,,False,positive,0.9134193062782288,0.7219280948873623,0.19999999999999996,0
927,@kevinabstract ye,0,,,,,,,,False,neutral,0.8136460781097412,0.0,0.0,1
1221,Wow how do y’all watch basketball just a bunch of dudes running around and bouncing a ball what a snore fest,0,,,,,,,,False,negative,0.7629443407058716,0.0,0.0,1
1146,I hate when people rag on Arthur’s name without knowing the meaning behind it. Arthur was named after Mikeys great great uncle who committed suicide at the age of 30. Grandpa says he was one of the most generous men he ever knew and was a very special guy to grandpa 💛,0,,,,,,,,False,negative,0.6148242950439453,1.1567796494470395,0.30000000000000004,0
2791,How soon is too soon to quit your first job? 🤔 #adultquestions,0,,,,,,,,False,neutral,0.8291244506835938,0.0,0.0,1
289,Can’t wait to be back at uni so I can order more shoes and clothes without my mum telling me off x,1,When I go to uni Im going to spend more ,1.0,0.0,0.0,0.0,1.0,0.0,True,positive,0.8477416634559631,0.0,0.0,0
414,"Roses are Red
Violets are Blue
My first love was Championship Manager
Tommy Svindal Larsen and Kennedy Bakircioglu 

#HappyValentinesDay",1,"Something along the lines of I was too sad, pathetic and immature in my teens to try to find romance with human people, so instead I invested a huge amount of emotional hope, energy and anguish into a fake computer simulation.",1.0,0.0,0.0,0.0,0.0,0.0,True,positive,0.6938552260398865,0.46899559358928117,0.09999999999999998,0
2903,Can’t wait to meet the love of my life &amp; be happy living life with them !,0,,,,,,,,False,positive,0.9883460402488708,0.0,0.0,1
170,a single man directed by tom ford simultaneously resurrected me from death only to brutally murder me once more.,1,"Tom Ford, as a movie director, makes me feel big feelings and that's impressive to me.",1.0,0.0,0.0,0.0,0.0,0.0,True,negative,0.8097423315048218,0.8812908992306927,0.30000000000000004,1
897,Driving to work singing along and oh story short I Michael Ball fistbumped my wrist straight into the roof of the car https://t.co/wAHMqbMxBv,0,,,,,,,,False,neutral,0.5691332817077637,0.46899559358928117,0.09999999999999998,0
1188,I deeply regret downloading tiktok.....yet not at the same time,0,,,,,,,,False,negative,0.8201634287834167,0.7219280948873623,0.19999999999999996,0
1721,My cat eye glasses came in the mail today so I'm officially ready to start librarian school.,0,,,,,,,,False,positive,0.9482486844062804,0.0,0.0,1
670,"@AmazonUK why does Alexa UK not get improvements like Guard, Adaptive Volume, Male voice? Should we pay less for the devices than the US equivalent?",1,I wouldn't put it in a question and instead would state we should not pay the same as another country if the service is subpar.,1.0,0.0,0.0,0.0,0.0,1.0,True,negative,0.7205507159233093,0.0,0.0,1
299,Is this first Cybex isokinetic dynamometer? @DrAndrewBateman #PRS2021,1,That’s an interesting machine. Is it very old?,1.0,0.0,0.0,0.0,0.0,1.0,True,neutral,0.9153141379356384,0.0,0.0,0
1475,"@CBoyForeman @RaleighBikes_UK @MadnessNews I had an orange one! Around the same time as you as well, great memories.",0,,,,,,,,False,positive,0.9663169384002686,0.0,0.0,1
2689,Pironkova: it’s just a game. Serena: I am the game,0,,,,,,,,False,neutral,0.7778880596160889,0.46899559358928117,0.09999999999999998,1
194,Wow it’s almost like we don’t nap every single day at the exact same time wow how dare I try to do the thing we do every single day!,1,We nap at the same time every day,1.0,0.0,0.0,0.0,0.0,0.0,True,negative,0.4921029806137085,1.295461844238322,0.4,0
2411,The amount of silence I’ve seen surrounding the topic of Palestine from some of my followers is concerning.,0,,,,,,,,False,negative,0.869081974029541,0.46899559358928117,0.09999999999999998,1
439,"You know what makes a 15 minute wait for the bus even better, rum leaking all over the contents of your bag 🙈😫",1,I've already been waiting 15 minutes for the bus and now I've spilled rum all over my bag.,0.0,1.0,0.0,0.0,0.0,0.0,True,negative,0.3668764531612396,0.0,0.0,1
1423,"Some of my colleagues need to learn how to rest 😭😭 just got two emails saying “I’ll make edits over the weekend” and “never mind, being admitted for my C section right now!”

GIRL GET OFF OUTLOOK 🥺",0,,,,,,,,False,negative,0.7846764326095581,0.46899559358928117,0.09999999999999998,1
2057,"I don't follow the Women's Super League because my team aren't in. Southampton have built their women's team from grassroots and youth up, rather than just buying their way into the elite. I am proud of them for that.",0,,,,,,,,False,positive,0.671602189540863,0.46899559358928117,0.09999999999999998,1
693,"these two girls are on the beach in lawn chairs, i love shoobies",1,I would say that shoobies are clueless and don't know how to properly spend time at the beach. ,1.0,0.0,0.0,0.0,0.0,0.0,True,positive,0.9634555578231812,0.0,0.0,0
52,"Got locked out of Twitter for saying it’s embarrassing to be an arsenal fan. That’s not okay, but people can be abusive and racist and nothing?!? Okay! 🤣🙄",1,"I don’t appreciate being banned for using the word embarrasing, when others can be racist/homophobic and it’s okay ",0.0,1.0,0.0,0.0,0.0,1.0,True,negative,0.9229384660720824,1.570950594454669,0.6,0
3045,"watching fleabag for the first time and y'all weren't lying. Hot Priest is, indeed, hot",0,,,,,,,,False,positive,0.7060520052909851,0.0,0.0,1
1094,@futboIjacob @LFC @Thiago6 It literally says in the article that he’s expected back next week.,0,,,,,,,,False,neutral,0.90410715341568,0.46899559358928117,0.09999999999999998,0
1956,This Is Us is the best show ever I recommend 10/10,0,,,,,,,,False,positive,0.9867456555366516,0.0,0.0,1
2279,all i do is kiss my kitty on the forehead and tell her how much i love her,0,,,,,,,,False,positive,0.9575468301773072,0.0,0.0,1
1714,Target just brings me too much joy,0,,,,,,,,False,positive,0.9817855954170228,0.0,0.0,1
2967,"If im your last resort, dont even bother..",0,,,,,,,,False,negative,0.6900287866592407,0.0,0.0,1
1652,recently started highlighting,0,,,,,,,,False,neutral,0.913585603237152,0.0,0.0,1
612,rewatching degrassi for the millionth time,1,“Watching Degrassi again “,1.0,0.0,0.0,0.0,1.0,0.0,True,positive,0.545958936214447,0.7219280948873623,0.19999999999999996,0
3299,"After 22 hours of travelling, it’s so nice to be home🥰",0,,,,,,,,False,positive,0.9762850403785706,0.0,0.0,1
1110,APPLE CIDER IS BACK AT DUNKS BABY,0,,,,,,,,False,positive,0.7433830499649048,0.0,0.0,1
1352,"was Chris Harrison really that fundamental to the bachelor?? what are they gonna do, forget how to function when there’s one rose left???",0,,,,,,,,False,negative,0.8502691388130188,1.295461844238322,0.4,1
1731,took my dog to the vet today because i thought she had ringworm..turns out she was bit by a GNAT lmfao i am a drama queen,0,,,,,,,,False,negative,0.7606193423271179,0.46899559358928117,0.09999999999999998,0
76,"My (extended) fam was discussing going on a trip instead of getting presents for Christmas, like okay I’m bout it...
Yeah they were talking about doing to the dells. I’ll take my god damn presents thank you very much",1,Everyone needs gas-x after having beans. ,1.0,0.0,0.0,0.0,0.0,0.0,True,negative,0.466535210609436,0.0,0.0,1
817,babe stop i’m about to gleek,1,this can go two ways. babe stop im about to cum OR babe babe stop im about to cry,1.0,0.0,0.0,0.0,0.0,0.0,True,negative,0.4691850244998932,0.8812908992306927,0.30000000000000004,1
3082,Jeudy :(,0,,,,,,,,False,negative,0.8374940156936646,0.0,0.0,1
17,"Whoever’s toddler ass sprayed the entire toilet backstage, I hope you stub your toe and bite your tongue really hard. also you were clearly dehydrated, go drink some damn water like an adult",1,I hope whoever keeps peeing all over the bathroom at work stops doing that.,1.0,0.0,0.0,0.0,0.0,0.0,True,negative,0.946474552154541,0.0,0.0,1
358,"I find it hilarious that ‘black and white’ or ‘all or nothing’ thinking is considered a cognitive distortion and is a symptom of several disorders, and yet it remains a pillar of American (and Western) culture.

It’s almost like…. our culture is toxic 🤔",1,The face that 'black and white thinking' is considered a mental disorder symptom and yet remains a pillar of American culture is hypocritical.,1.0,0.0,0.0,0.0,0.0,0.0,True,negative,0.8553329706192017,0.0,0.0,1
3218,#jackstack @TGIFridays 😍😍😍 https://t.co/J2Ycj5WbOe,0,,,,,,,,False,positive,0.9764431118965148,0.0,0.0,1
1173,Hell of a last second decision by Hooker!,0,,,,,,,,False,positive,0.8802730441093445,0.46899559358928117,0.09999999999999998,1
2114,What a horrible day 😔,0,,,,,,,,False,negative,0.923191487789154,0.0,0.0,1
134,"@mjborshell @garygilligan Hasn't he opened a few new hospitals? Oh sorry, maybe it was a new first aid box.",1,Javid hasn't actually opened any new hospitals - he's just announcing that he has when actually he's opening a new facility within an existing hospital,1.0,0.0,0.0,0.0,0.0,0.0,True,neutral,0.7316099405288696,1.0,0.5,1
184,me and noah forgot that today is our anniversary. if that isn’t couple goals then idk what is 😌,1,Me and Noah forgot our anniversary. That is not “couple goals” ,1.0,0.0,0.0,0.0,0.0,0.0,True,positive,0.790358304977417,0.0,0.0,1
1862,There may never be a better celebrity cameo in our time than that one scene in Space Jam 2.,0,,,,,,,,False,positive,0.8750364780426025,0.0,0.0,1
921,i love shoegaze sm,0,,,,,,,,False,positive,0.9824175238609314,0.0,0.0,1
1159,.@luka7doncic anyway you’d want to come to the Jazz?,0,,,,,,,,False,neutral,0.9308969974517822,0.7219280948873623,0.19999999999999996,1
2653,ariana literally can’t make a bad song i said what i said,0,,,,,,,,False,negative,0.4027835428714752,0.0,0.0,0
1292,"@tineyaaa You’re right, I should be grateful for you at least",0,,,,,,,,False,positive,0.9146836996078492,0.46899559358928117,0.09999999999999998,1
1175,Herbert’s vision is elite #Hokies,0,,,,,,,,False,positive,0.954248547554016,0.0,0.0,1
3191,can’t believe I’m weighing up spending £12.50 on a hotel chocolate advent calendar for myself ... but the heart wants what it wants 😕,0,,,,,,,,False,negative,0.7183111310005188,1.3609640474436813,0.5,0
2512,"Excited to present some research, listen to some studies and learn some stats at the #PsyPAG2021 conference :)",0,,,,,,,,False,positive,0.9858691692352296,0.0,0.0,1
893,Getting very anxious waiting for #TheGrandTour,0,,,,,,,,False,negative,0.7142685651779175,1.1567796494470395,0.30000000000000004,0
1350,oh cool I drive to school in less than 12 hours and I’m frantically looking up fun facts about the final destination franchise for absolutely no reason it’s fine everything’s fiNE,0,,,,,,,,False,positive,0.8824729919433594,1.360964047443681,0.5,1
291,"Thanks @Tesco for not informing me that my click and collect order had been cancelled when my account says it's ready to collect my partner has had to travel unnecessarily to Stafford and we still don't have our shopping, good diet I guess having to wait for my 26th delivery slot https://t.co/xq9oXEkw8o",1,Tesco have cancelled my order with no warning. please could i have an explanation and compensation for this.  ,1.0,0.0,0.0,0.0,0.0,0.0,True,negative,0.7436978816986084,0.0,0.0,1
2732,"This is a great month for me, #NewWorldMMO comes out and literally the 1st of October Im going to see #TheManySaintsOfNewark if its 2 things people know about me is that I love MMOs and The Sopranos",0,,,,,,,,False,positive,0.9900866150856018,0.0,0.0,1
144,@SuspendThePres But what were the ratings??  (Replied to his Tweet with the same thing.),1,Ratings should not matter.,1.0,0.0,0.0,0.0,0.0,0.0,True,neutral,0.538318932056427,0.7219280948873623,0.19999999999999996,0
3347,Nancy Grace is seriously the worst.,0,,,,,,,,False,negative,0.9496225118637084,0.0,0.0,1
461,Life is about eating chicken finger and getting drunk,1,Life is about happiness and friendship ,0.0,1.0,0.0,0.0,0.0,0.0,True,neutral,0.4765796363353729,0.0,0.0,0
2651,It’s a great feeling knowing that I receive the rarest form of love on a daily … ✨UNCONDITIONAL LOVE✨ is something most people never get to experience so i cherish this blessing that God has given me because He came at the RIGHT TIME 🥳🤍  #3yearsdown #BlackLove,0,,,,,,,,False,positive,0.9868926405906676,0.0,0.0,1
457,you know what’s a novel concept? rapists and sexual assaulters not only ruin the lives of their victims but also THEIR OWN LIVES. yeah. not the victims testifying. maybe if you didn’t want rape accusations then DON’T RAPE. also a novel concept.,1,"Rapists ruin their own lives, not the victims testifying. ",1.0,0.0,0.0,0.0,0.0,0.0,True,negative,0.9177414178848268,0.46899559358928117,0.09999999999999998,1
3428,"looking at pre-pandemic photos and remembering that my life used to be deceptively interesting, a Sunday Mood",0,,,,,,,,False,positive,0.6834835410118103,0.46899559358928117,0.09999999999999998,0
2189,every day I check for the Stardew Valley 1.5 update on Switch and every day God forsakes me,0,,,,,,,,False,negative,0.7678835391998291,0.0,0.0,1
1452,"Bruh how do people manage dozens of healthy, fun and equitable friendships over a long period of time? I can hardly handle like 3 😖",0,,,,,,,,False,negative,0.63264399766922,0.0,0.0,1
812,Agreeing with the right to dunk on the centre is the real dialectical materialism,1,"""People on the left should not agree with the right just to win points in debates with people in the centre.""",1.0,0.0,0.0,0.0,0.0,0.0,True,neutral,0.6781409978866577,1.360964047443681,0.5,0
1786,"One or my friends has a crush on me, and I feel sad that I don't feel the same way. Because I know EXACTLY how that feels. I hate this feeling. 😞",0,,,,,,,,False,negative,0.9074189066886902,0.0,0.0,1
3327,Why am I sad for no reason ALL THE TIME,0,,,,,,,,False,negative,0.9155732989311218,0.0,0.0,1
1671,"Surely if all Opticians boycotted contact lens manufacturers until they stopped supplying dodgy online stores, we'd end up with fewer parasitic sites that don't require a fit, aftercares or even a valid eye test.",0,,,,,,,,False,negative,0.7780560255050659,0.9219280948873624,0.19999999999999996,1
30,It’s been a blissful 2.5 hours of sleep tonight,1,I only got 2.5 hours of sleep last night and it wasn’t enough,1.0,0.0,0.0,0.0,0.0,0.0,True,positive,0.9785609245300292,0.0,0.0,0
325,yeah i enjoy some oregano on a nice pasta dinner (dumps oregano on mac n cheese),1,I like to put oregano on my mac and cheese,0.0,1.0,0.0,0.0,0.0,0.0,True,positive,0.9514082074165344,0.0,0.0,0
1925,i'm going to a butch brunch/clothes swap this weekend and i think this is the most excited i've been to socialize in a year,0,,,,,,,,False,positive,0.9874216318130492,0.0,0.0,1
567,"Just got in, how’d Liverpool get on?",1,Liverpool did not play very well.,1.0,0.0,0.0,0.0,0.0,1.0,True,neutral,0.819165050983429,0.0,0.0,0
2634,Just read Annie on My Mind for the first time…🥺,0,,,,,,,,False,positive,0.8148372173309326,0.7219280948873623,0.19999999999999996,1
3097,this world is so small I swear everyone knows at least 1 person you might know,0,,,,,,,,False,negative,0.4522020816802978,0.7219280948873623,0.19999999999999996,0
3013,"I feel devastated for the team and the die hard fans, Italy did not deserve that win, they were bullies #Euro2020Final #eng",0,,,,,,,,False,negative,0.9445319175720216,0.0,0.0,1
2783,My heart actually hurts that I am a senior and not a freshman this year,0,,,,,,,,False,negative,0.8781046271324158,0.0,0.0,1
2916,@Schadenfury I know! Just pop the subtitles on. Sorted.,0,,,,,,,,False,neutral,0.6692954897880554,0.46899559358928117,0.09999999999999998,0
2607,Hate people who moan about EVERY SINGLE THING possible 😴👊🏼,0,,,,,,,,False,negative,0.9236037731170654,0.7219280948873623,0.19999999999999996,1
1877,"""You think you're better than us because you're vaccinated??"" Uh, yeah, yeah I do",0,,,,,,,,False,neutral,0.5785485506057739,0.0,0.0,0
2475,hey.................jus wonderin if u might wanna get some coffee w me sometime n defund the police together.. lmk,0,,,,,,,,False,neutral,0.766177773475647,0.9709505944546688,0.4,1
742,V excited to grant an extension to students who email me and my co-teacher and get both of our names wrong,1,I will not be granting an extension to the student who emailed me and my co-teacher and got both of our names wrong.,1.0,0.0,0.0,0.0,0.0,0.0,True,positive,0.6408236026763916,1.370950594454669,0.4,0
2882,What a panel! There's still time to sign up if your interested in all things user experience and people-focused design. https://t.co/rJNmGCWUBY,0,,,,,,,,False,positive,0.9706203937530518,0.0,0.0,1
680,"Have the most balanced diet, a healthy balance of codeine, panadol and ibuprofen....",1,A diet of pain killers is not healthy or balanced ,1.0,0.0,0.0,0.0,0.0,0.0,True,positive,0.8975666761398315,0.7219280948873623,0.19999999999999996,1
1132,Just had my windows cleaned and I feel posh lmao,0,,,,,,,,False,positive,0.857054591178894,0.0,0.0,1
2578,If someone's not willing to fight for you then they don't deserve to be kept around #moveon,0,,,,,,,,False,negative,0.676091194152832,0.8812908992306927,0.30000000000000004,1
2394,I despise 2021,0,,,,,,,,False,negative,0.8603109121322632,0.0,0.0,1
257,@McDonaldsUK Would love a cheeky McDonald’s breakfast before a busy day at work would set the day off on the right foot ! 💓 #FancyAMcDonalds,1,I would love a McDonalds breakfast this morning!,1.0,0.0,0.0,0.0,1.0,0.0,True,positive,0.982624351978302,0.0,0.0,0
2468,Watch Death Parade right now,0,,,,,,,,False,neutral,0.8010514974594116,0.0,0.0,0
2372,@StarbucksUK is it acceptable for students to study in your stores? what are the general rules? thank you!,0,,,,,,,,False,neutral,0.7329273223876953,0.0,0.0,1
1514,I know I'm really settling into my 30s when I take a drug test and all they find in my system is antacid,0,,,,,,,,False,neutral,0.5528849959373474,1.295461844238322,0.4,1
2458,"How is it that I’ve managed 3 months without milking a single cow, then the day before I leave I get roped into a 5am milking??",0,,,,,,,,False,negative,0.6429098844528198,0.7219280948873623,0.19999999999999996,1
1231,"My new favorite thing to do while teaching this insect ecology course is to make a stupid mistake, like posting the wrong zoom link or uploading the wrong assignment, and then say""can you believe I almost have my PhD??"" to my students. They cannot, folks.",0,,,,,,,,False,negative,0.8111441731452942,1.4854752972273346,0.5,0
2314,"My boyfriend does this cute thing where he takes recipes, pre-made foods, drinks, etc. and “doctors” them for me so they taste better. Like all my containers of hummus? Salted, peppered, and a fuck ton of EVOO.",0,,,,,,,,False,positive,0.573042094707489,0.0,0.0,1
610,Just nearly cried in the tesco express because they didn’t have the cheese pizza or the back up pizza I wanted. My mental stability is strong today.,1,Just nearly cried in the tesco express because they didn’t have the cheese pizza or the back up pizza I wanted. My mental stability is not strong today,0.0,1.0,0.0,0.0,0.0,0.0,True,negative,0.7679343223571777,0.7219280948873623,0.19999999999999996,1
1697,Can a burrito change the world?  Don't miss Chipotle's first Game Day commercial  https://t.co/IkCNfSARJD #bonuspoints,0,,,,,,,,False,positive,0.932219386100769,0.9709505944546688,0.4,1
2589,"If I said something like, ""I drank hot chocolate and ice water in tandem."" Would it be correct? Meaning I drank first one, then the other.",0,,,,,,,,False,neutral,0.9223006963729858,0.0,0.0,1
2647,Really looking forward to the day when all my calls/texts don't involve depressing updates. #cancersucks,0,,,,,,,,False,negative,0.5499790906906128,0.0,0.0,1
3450,I miss my family’s road trips. My favorite part of our annual road trip to Canada was buying fried chicken and a banana flavored nesquik in Michigan 😂 https://t.co/sw7iUWFWBN,0,,,,,,,,False,positive,0.9489021301269532,0.0,0.0,1
192,How bout you dont use a gazillion filters on your pictures,1,You edit your pictures so much it doesn’t look like you,1.0,0.0,0.0,0.0,0.0,1.0,True,negative,0.6672337651252747,0.0,0.0,1
402,i hate it here ❤️❤️❤️❤️❤️,1,I hate it here. (no emojis),1.0,0.0,0.0,0.0,0.0,0.0,True,negative,0.9492666721343994,0.0,0.0,1
2753,Gonna sleep soundly after my #TBCResolutionRemix Barre-dio class @TheBarreCode River North 💪🏼,0,,,,,,,,False,positive,0.7984645366668701,0.0,0.0,1
1677,Great opportunity for a position at ZSL #sciencejobs #researchjobs #postdocjobs #graduatejobs #animalbehaviour https://t.co/hVud29qSh4,0,,,,,,,,False,positive,0.9388930797576904,0.0,0.0,1
432,it's funny my mom thinks i possess no remorse when i feel remorse everyday for existing 😎,1,"i hate how my mom thinks i feel no remorse, when she has conditioned me to feel remorse nearly everyday for simply just existing alongside her",1.0,0.0,0.0,0.0,0.0,0.0,True,negative,0.409189373254776,0.8812908992306927,0.30000000000000004,0
1074,No but the worst type of boy is the one that wears shorts and sandals when it’s snowing and constantly reminds you that it’s not that cold,0,,,,,,,,False,negative,0.8333859443664551,0.0,0.0,1
642,"AT&amp;T is truly amazing
They think my lg g7 is 3g only to the point where they sent us Walmart Altec phones and said they'd shut off service.
We called them, they told us to not worry and if the phones are fine they wouldn't be shut off
Guess what got shut off this morning? LOL",1,"""AT&T is absolutely the worst. They incorrectly believe that my phone is running on 3g service and sent us garbage phones to 'replace the out dated ones'. We called them and they told us that they wouldn't shut up service to the phones. They shut off service to the phones this morning.""",1.0,0.0,0.0,0.0,0.0,1.0,True,positive,0.6936672925949097,0.0,0.0,1
1480,Holby City had me gripped! Best. Episode. Ever.,0,,,,,,,,False,positive,0.9865520000457764,0.0,0.0,1
942,finding vegetarian chocolate mousse is such an annoyingly hard task to do,0,,,,,,,,False,negative,0.8301388621330261,0.0,0.0,1
1850,"I just finally got around to starting the most recent season of Archer, and I am seriously bummed out for being only one episode in to my favorite animated tv comedy",0,,,,,,,,False,negative,0.8564922213554382,0.46899559358928117,0.09999999999999998,1
538,thats it im packing my things and moving to italy see u all in a month xo,1,"I'm so done with everyone, I wish I could move away to Italy.",1.0,0.0,0.0,0.0,0.0,0.0,True,positive,0.5026687979698181,0.0,0.0,0
3283,"Can media, press, and general dickheads stop spinning the narrative that it’s a women’s job to stay safe and vigilant when they have not experienced themselves how terrifying it is walking alone at any given time of the day? https://t.co/85yKt7Xngm",0,,,,,,,,False,negative,0.8419482111930847,0.8812908992306927,0.30000000000000004,1
1830,"If you're able to donate, then use: https://t.co/iH6jJWtoPQ. If you aren't able to donate, then I'd appreciate it if this post gained some traction. Every little bit counts. If you'd like a drawing for your donation, I'm more than willing to do so. (4/4)",0,,,,,,,,False,positive,0.6439529061317444,0.8812908992306927,0.30000000000000004,1
2611,Enjoyed every moment of watching our fabulous Team GB compete in the Olympic Gymnastics! #sotalented,0,,,,,,,,False,positive,0.9882319569587708,0.0,0.0,1
3143,drop some creative fun instagram captions???,0,,,,,,,,False,positive,0.5662542581558228,0.7219280948873623,0.19999999999999996,0
1885,omg text “pew pew” and see what happens 😮,0,,,,,,,,False,neutral,0.7155557870864868,0.8812908992306927,0.30000000000000004,1
2601,Tell u what it’s sooo nice to see things getting back to normal 🥺🥺,0,,,,,,,,False,positive,0.9807840585708618,0.0,0.0,1
2590,"I just cleaned up my following list. If you feel I've unfollowed you in error, let me know. Friends and family whose Tweep names I didn't recognize, fellow writers with whom I've interacted once or twice or more, tweeple who just can't live without me. Y'all lemme hear from you.",0,,,,,,,,False,neutral,0.5995894074440002,0.46899559358928117,0.09999999999999998,1
2673,✨florence pughs nose✨,0,,,,,,,,False,neutral,0.608539879322052,0.0,0.0,1
1584,"Well that’s the last time I swear at the pizza man down the phone. 🍕 

He wins. https://t.co/2WjnqL5ZDR",0,,,,,,,,False,neutral,0.4779725670814514,1.1567796494470395,0.30000000000000004,0
1647,IMAGINE the outcry if SNP voters went and celebrated this win that actually means something in the same way that Rangers fans ‘celebrated’ a few weeks ago over football game.,0,,,,,,,,False,neutral,0.5890359282493591,0.0,0.0,0
442,First day of school and spectrum internet has already shit itself. Amazing,1,I hate spectrum internet for already messing up so early on the first day of school. ,0.0,1.0,0.0,0.0,0.0,0.0,True,negative,0.7662004232406616,1.295461844238322,0.4,1
1295,I felt like a wet dog after tonight 😂🐶,0,,,,,,,,False,negative,0.6037195324897766,0.0,0.0,1
3025,Spent all morning hiking a mountain and exploring waterfalls. Normal people take naps to recover. I hit the gym twice as hard! #goals,0,,,,,,,,False,positive,0.9197431206703186,0.0,0.0,1
1988,"@elisekumar @nato_ally Yeah, I feel super out of whack emotionally/sensorily when I'm starting to come down with something, and that's basically what your body thinks is going on at the moment, so... checks out. Hopefully at least knowing what's happening makes it easier to be gentle with yourself.",0,,,,,,,,False,negative,0.7775232195854187,0.7219280948873623,0.19999999999999996,0
443,alllllll nighter. woohoo,1,All nighter. Not every exciting,1.0,0.0,0.0,0.0,0.0,0.0,True,positive,0.9129483699798584,0.0,0.0,0
298,"Damn, imagine being vaxxed and then getting a cold and then losing your taste and smell.

Oh wait.",1,"To make it non-sarcastic I could have said, ""I hate having a cold and then losing my taste and smell.""",1.0,0.0,0.0,0.0,0.0,0.0,True,negative,0.8699959516525269,0.0,0.0,1
1764,Still time to apply for our Clinic Supervisor post… https://t.co/A2JZjjHo6R,0,,,,,,,,False,neutral,0.7929708361625671,1.0,0.5,0
3257,I really need to wash my hair but I am SO lazy today...,0,,,,,,,,False,negative,0.8728184103965759,1.0,0.5,1
1097,If a dude says “females” I automatically don’t trust him,0,,,,,,,,False,negative,0.7075057625770569,0.46899559358928117,0.09999999999999998,1
2670,"NEW VID ALERT 🚨 Powerbeats Pro Wireless Headphones Unboxing and Review! (feat. Alex). GO CHECK THESE OUT 
https://t.co/yIiwzAKI1S https://t.co/ZRkXO3W83f",0,,,,,,,,False,positive,0.5813116431236267,0.7219280948873623,0.19999999999999996,1
705,"@barcacentre Unemployed and lazy that Messi guy 😂

(I'm being sarcastic guys, I'm warning you lol)",1,How is someone so good still not with a team?,1.0,0.0,0.0,0.0,0.0,0.0,True,negative,0.624226450920105,0.9709505944546688,0.4,1
2029,when i was younger i was restricted to one hour a day on the computer.....how did i survive,0,,,,,,,,False,negative,0.543035626411438,0.7219280948873623,0.19999999999999996,1
1871,"knew one coworker recently had a baby, but didn't send us pictures so far. People are curious, so I tacked up a stock photo of an ugly baby.",0,,,,,,,,False,negative,0.6904627084732056,0.9709505944546688,0.4,0
952,This is the XI I think should start against Russia at Euro 2016. Who would you pick? https://t.co/I6ksBPd2Ty #MyEnglandXI via @bbcsport,0,,,,,,,,False,neutral,0.8894970417022705,0.9709505944546688,0.4,1
80,thanks @SovietWomble for ratting my location out on stream and then embarrassing me 😂 it made my day though https://t.co/3b7Cjql2GO,1,It wasn't very nice to rat out my location,1.0,0.0,0.0,0.0,0.0,0.0,True,positive,0.7700402736663818,0.9219280948873624,0.19999999999999996,0
2554,twitter should change it so you can only read quotes but not see how many (like “quotes” instead of “11 quotes”),0,,,,,,,,False,negative,0.5321324467658997,1.0,0.5,1
551,@SkySportsBoxing if i think you would have a chance against fury i mean its easy for some broken bodied old boy to beat the best in the world,1,Haye as a competitive fight against fury which is a 50-50 fight and could go either way,1.0,0.0,1.0,0.0,0.0,0.0,True,neutral,0.6228572726249695,0.0,0.0,1
93,Between Mikey cooking and Didi cooking for me I relaxing 😎  cooking?? I don’t know her,1,I appreciate that my sister and brother cook for me,1.0,0.0,0.0,0.0,0.0,1.0,True,positive,0.7078849077224731,1.1567796494470395,0.30000000000000004,0
1947,"@GSpellchecker No more or less complex than any other aspect of evolution. It's all trial and error, natural selection.",0,,,,,,,,False,neutral,0.6696425080299377,0.0,0.0,1
2418,Man I pray I never have to feel the pain or loss of losing my loves ones in a school shooting. Hug your love ones a little tighter tonight because you truly never know how long you have,0,,,,,,,,False,negative,0.7980927228927612,0.46899559358928117,0.09999999999999998,1
1723,@pamparoni If they aren’t out yet just wait to get the ps5 later with a discount,0,,,,,,,,False,neutral,0.7615505456924438,0.8812908992306927,0.30000000000000004,0
1777,"raise your words, not your voice. it is rain that grows flowers not the thunder. aka don't be mad, Stoopid.",0,,,,,,,,False,negative,0.653672456741333,0.8812908992306927,0.30000000000000004,0
889,"i know starting up school again can be very stressful but pls remember to stay hydrated, don’t overwhelm yourself, and reach out for help if you need it (my dms are open!) :)",0,,,,,,,,False,positive,0.4776835143566131,0.0,0.0,1
3166,I can't look at a bug without thinking how many bells I could sell it for... Animal Crossing has really done a number on me.,0,,,,,,,,False,negative,0.6622859835624695,1.3609640474436813,0.5,0
1491,i know i didn't just read a 40 page sex scene. my god,0,,,,,,,,False,negative,0.8541659116744995,0.46899559358928117,0.09999999999999998,1
3258,"Reporting on this ceasefire makes it sound like both sides agreed to stop the violence. But you don't get to call a T.O. when you're getting chased down by a leopard. This ""ceasefire"" is just Israel saying it'll pause its ethnic cleansing for a little while.",0,,,,,,,,False,negative,0.6910867691040039,0.0,0.0,1
1163,That rest stop was so stressful I forgot to pee 😩,0,,,,,,,,False,negative,0.923716962337494,0.0,0.0,1
2270,stephon!  wish bill hader never left.  #SNL,0,,,,,,,,False,negative,0.7218260169029236,0.46899559358928117,0.09999999999999998,1
3286,thinkin abt coochie,0,,,,,,,,False,neutral,0.7811146974563599,0.8812908992306927,0.30000000000000004,0
1498,does anyone else hate hearing their own voice I sound so aids,0,,,,,,,,False,negative,0.8817740082740784,0.0,0.0,1
3130,why is there part of a dead animal in the de courcy's arcade wheelie bin this morning? #fb,0,,,,,,,,False,negative,0.7860975861549377,0.0,0.0,1
3310,"i asked my swimmer @ the end of his swim lesson today what his favorite part was &amp; he said “going under the rope. it was scary, but i knew i could do hard things.” 🥺🤍",0,,,,,,,,False,positive,0.9550992250442504,0.0,0.0,1
736,Might just fuck around and take some horse dewormer for the thrill of if. Maybe I’ll feel something,1,I would not take ivermectin. ,1.0,0.0,0.0,0.0,0.0,0.0,True,neutral,0.5562583804130554,1.4854752972273346,0.5,1
229,Whoop diddy scoop poop,1,I would’ve just tweeted that I hated Kanye’s new song. ,1.0,0.0,0.0,0.0,0.0,0.0,True,neutral,0.477582186460495,1.360964047443681,0.5,0
314,I miss walking up 3 flights of stairs for class and having to catch my breath in the bathroom 😩,1,I hate walking up 3 flights of stairs and catching my breath in the bathroom.,1.0,0.0,0.0,0.0,0.0,0.0,True,negative,0.5366531014442444,0.0,0.0,1
1106,Sad because I’ve missed so much of Oxford the past year but happy cuz I just saw a squirrel carrying it’s baby whilst writing my essay by the river I love it https://t.co/A2AlOimCLs,0,,,,,,,,False,positive,0.8959000706672668,0.9709505944546688,0.4,1
2787,"The defunding of higher education is a purposeful action against leftism which educated people tend towards, particularly in colleges of education, writing, and humanities where they are known to cluster. “Then take up a trade” is artfully packaged book burning.",0,,,,,,,,False,negative,0.6317859292030334,0.0,0.0,1
1322,sadly the only reason i stop making tiktoks is because my phone is about to die....,0,,,,,,,,False,negative,0.9027252793312072,0.9709505944546688,0.4,1
1360,"Left a chai tea in my car last night, baked all day in there today &amp; just now I thought it would be a good idea to take a sip. Someone come get me bc I’m clearly not ok",0,,,,,,,,False,negative,0.8323349356651306,0.0,0.0,1
1345,"Wine, pizza &amp; UFC... is there any better way to spend a Saturday night? #UFC #fightnight",0,,,,,,,,False,positive,0.8989725112915039,0.0,0.0,1
3446,Best thing to get complimented on is being tan,0,,,,,,,,False,positive,0.9712310433387756,0.0,0.0,1
787,@MatthewStadlen @sajidjavid Thank you so much for your insightful thoughts- I’m sure @sajidjavid is overjoyed that you “quite like him”,1,“I’m pretty sure Sajid Javid does not care that you do or don’t like him”,1.0,0.0,0.0,0.0,0.0,0.0,True,positive,0.9750311970710754,0.46899559358928117,0.09999999999999998,0
1041,Passed my PhD @LivUni_IVES today and I could not be happier!! https://t.co/mSOeoC61as,0,,,,,,,,False,positive,0.9874113202095032,0.0,0.0,1
1034,"We'll be giving classic, cult and trashy movies away next week at our charity horror night - https://t.co/TuCvfGNm9n 📽💀⚰🔪👹 https://t.co/lGJgbAD3Da",0,,,,,,,,False,neutral,0.5854707360267639,0.7219280948873623,0.19999999999999996,0
3244,Wish somebody had told me all I had to do was wait to months for Yuengling to come to Texas before I bought five cases of it when I was in Florida,0,,,,,,,,False,neutral,0.6214746236801147,1.570950594454669,0.6,0
2547,"Waiting for little one to fall asleep so o can sneak upstairs and get my hot water bottle.

She's sitting up in bed practicing her nodding 🙈",0,,,,,,,,False,neutral,0.6269879937171936,1.0,0.5,0
166,"me: trying to sleep slightly earlier than usual bc I feel like shit 
my friend, texting the group chat 13 separate times at nearly 4am: hello I don’t think so! how abt I tell u abt how bad things are going instead :)",1,"I might say “I am so annoyed that my roommate won’t stop venting to me when I’m trying to sleep, I already don’t feel good and was trying to sleep Early for Self Care and having them bombard me with their problems at 4am is really putting a damper on things”",1.0,0.0,0.0,0.0,0.0,0.0,True,negative,0.7565907835960388,0.46899559358928117,0.09999999999999998,1
309,I am starting off my day by watching a Dragons Den special on Deborah Meaden and eating a Pot Noodle. My life is perfect.,1,I am starting off my day by watching a Dragons Den special on Deborah Meaden and eating a Pot Noodle. My life is a sham. Send help.,1.0,0.0,0.0,0.0,0.0,0.0,True,positive,0.9815666675567628,0.0,0.0,0
2111,"Step up TooBigToPlayFootball BEAST Adebayo Akinfenwa, nearly 39, to score 1st first goal in 2nd tier &amp; gives us TINY chance of staying up in 1st ever season in Championship.

Jog on SuperLeagues &amp; anti-football Egomaniacs' 8 figure pay outs getting sacked.

THIS is REAL football!",0,,,,,,,,False,positive,0.7679828405380249,0.46899559358928117,0.09999999999999998,1
907,quicksand is not as big of a problem in my adult life as I thought it would be,0,,,,,,,,False,negative,0.6650518178939819,0.0,0.0,0
2940,"Focus on the goals you’ve set and celebrate how far you’ve come since then. Rather big or small, be happy for yourself that you’ve accomplished something! #igotoutofmypjstoday #InternationalSelfCareDay",0,,,,,,,,False,positive,0.9771357774734496,0.0,0.0,1
438,Inspired by the ‘dinner with Jay Z’ guy still going strong. I choose now to believe him,1,I do not like this man,1.0,0.0,1.0,0.0,0.0,0.0,True,positive,0.7205732464790344,0.0,0.0,0
3401,"Today the wonderful cashier lady at white creek told me that people either need to 
1. Get laid 
Or
2. Get a life",0,,,,,,,,False,positive,0.7819609642028809,1.370950594454669,0.4,0
1553,"They had 5 turnovers and we needed to capitalize on them, this whole season we said we needed touchdowns instead of field goals",0,,,,,,,,False,neutral,0.4987775981426239,0.0,0.0,0
1729,i just overheard this bunch of children behind me yell “DON’T LOOK AT THE ENDERMAN”……internally yelling as an mcyt mod,0,,,,,,,,False,negative,0.4912865161895752,1.1567796494470395,0.30000000000000004,1
1987,"@SaraMartnezW @xXDevilSeijiXx There is also one apparent love-triangle-ish situation early on involving the main character - just a heads-up that that's *not* the one you're looking for! (I think it's not a spoiler to say that it gets resolved more traditionally, though also satisfyingly.)",0,,,,,,,,False,positive,0.6092348098754883,0.9709505944546688,0.4,0
238,Big day in the Mumford house #sports day,1,Such a shame there’s no sports day. ,0.0,1.0,0.0,0.0,0.0,0.0,True,positive,0.844637930393219,0.8812908992306927,0.30000000000000004,0
495,@jabadgo @Nibellion Don’t run it on a school-provided laptop,1,Are your computer's specs up to par for the game?,1.0,0.0,0.0,0.0,0.0,0.0,True,negative,0.5529857277870178,0.0,0.0,0
2514,Why do I talk to my dog with a speech impediment?,0,,,,,,,,False,negative,0.7717931270599365,0.46899559358928117,0.09999999999999998,0
3263,i just want someone who would still love me even IF I grew that bad moustache,0,,,,,,,,False,neutral,0.4247460961341858,1.1567796494470395,0.30000000000000004,0
393,Imagine not liking football 🤣,1,"I don't understand why people don't like football, it's a great game. ",1.0,0.0,0.0,0.0,0.0,0.0,True,negative,0.7367466688156128,1.4854752972273346,0.5,0
3303,Oh my god this is so satisfying to watch. Look at his scared little face ahahahaha https://t.co/3cnHEvm2nS,0,,,,,,,,False,positive,0.9553837180137634,0.46899559358928117,0.09999999999999998,1
1117,I’ve decided that I’m ready for the Schrute Farms offshoot show now.,0,,,,,,,,False,positive,0.5484098196029663,0.7219280948873623,0.19999999999999996,1
2014,"FaceTimed with my parents last night while they were with my 6-year-old nephew. I’ve been missing him like crazy worried about being away from him for months, so I asked him if he remembers me. His response?
“I always will.” ❤️❤️❤️",0,,,,,,,,False,positive,0.4506317973136902,0.0,0.0,1
2400,"But by far, my favorite part was a very drunk Rachel running over yelling ""I JUST KISSED A GIRL FOR MORE THAN THREE SECONDS!""",0,,,,,,,,False,positive,0.7547602653503418,0.0,0.0,1
322,just stuck my entire hand in a hot oven without thinking about the consequences. self preservation is clearly my strong suit,1,Self preservation isnt my strong suit,1.0,0.0,0.0,0.0,0.0,0.0,True,negative,0.4884685277938843,0.0,0.0,1
790,breaking my strict buying hiatus to get lisa’s album? it’s much more likely than you’d think,1,I will break my buying hiatus to buy this album,1.0,0.0,0.0,1.0,0.0,1.0,True,positive,0.8827770948410034,0.46899559358928117,0.09999999999999998,0
174,Wow Bdubs can bench press 150 kilometers,1,Bdubs can't bench press 150 kilometers,0.0,1.0,0.0,0.0,0.0,0.0,True,positive,0.8707377910614014,0.46899559358928117,0.09999999999999998,0
2042,Can we sign haaland please or any st who can shoot. Drop Bobby into the mid. We need goals not passes,0,,,,,,,,False,neutral,0.7619375586509705,0.46899559358928117,0.09999999999999998,0
2090,BOSS BURGERS - POSSIBLY THE BEST BURGER I'VE EVER HAD,0,,,,,,,,False,positive,0.9798669815063475,0.0,0.0,1
1883,Markets already down,0,,,,,,,,False,negative,0.6617944240570068,0.46899559358928117,0.09999999999999998,1
2384,I love the rain but gimme some thunder storms 😈,0,,,,,,,,False,positive,0.8914505243301392,0.0,0.0,1
315,this is my 3rd time taking a biology course and it’s so EASY wow i love biology so much i’m so glad i’m so good at this subject.,1,"""This is my 3rd time taking the same biology course, I am not good at this subject at all""",1.0,0.0,0.0,0.0,0.0,0.0,True,positive,0.990232229232788,0.0,0.0,0
2098,Had no idea Deliciously Ella was in the Zac Efron documentaries on Netflix!,0,,,,,,,,False,positive,0.567280113697052,0.7219280948873623,0.19999999999999996,1
665,so many people pressed that italy won sorry eurovision belongs to the bisexuals now x #Eurovision,1,eurovision belongs to everyone! ,1.0,0.0,0.0,0.0,0.0,0.0,True,negative,0.8803603649139404,1.370950594454669,0.4,0
102,Do the #Hokies really have to play 5 against 6 tonight? Come on stripes,1,Why is the ref helping the other team?,1.0,0.0,0.0,0.0,0.0,0.0,True,neutral,0.7166581749916077,1.370950594454669,0.4,1
2298,bring back theme songs!!!,0,,,,,,,,False,positive,0.848318338394165,0.0,0.0,1
239,@ShareZone5 @StockpickB You are a right bundle of laughs to take to the pictures Draft!,1,I would say he’s being miserable and not that his a bundle of laughs. ,1.0,0.0,0.0,0.0,0.0,0.0,True,positive,0.9548924565315248,0.46899559358928117,0.09999999999999998,1
2778,Joe Biden &amp; I are both Irish-Catholics who grew up in Scranton,0,,,,,,,,False,neutral,0.749418318271637,0.0,0.0,1
3037,I wonder if the ubiquity of spell checkers will change the evolution of language? #ShowerThoughts,0,,,,,,,,False,neutral,0.8709006905555725,0.0,0.0,1
2769,i’m a sick. sick man..,0,,,,,,,,False,negative,0.9360826015472412,0.46899559358928117,0.09999999999999998,1
2570,❤️ https://t.co/eZsf1fZfix,0,,,,,,,,False,positive,0.8176289200782776,0.0,0.0,1
2836,@FrankHassleYT Why is his face blurred,0,,,,,,,,False,neutral,0.6847501993179321,0.0,0.0,1
3155,Just a casual day at Oklahoma state university https://t.co/osW8tNACO9,0,,,,,,,,False,neutral,0.8888617753982544,0.8812908992306927,0.30000000000000004,1
506,"Absolutely LOVE spider season! I love crying in fear. I love not being able to sleep. I love people telling me that I'm being ridiculous. I love hearing ""it's not gonna hurt ye"". I love using every orange peel, conker and peppermint oil known to man. I love fear. 😑",1,That I am now living in fear and hate spidershttps://twitter.com/QueenAtoB/status/1430308715744440322?s=19,1.0,0.0,0.0,0.0,0.0,0.0,True,positive,0.5894092321395874,1.4854752972273346,0.5,1
44,Where is the Chancellor? Please check the back of your sofas.,1,(!) I wonder where the Chancellor is after such an important decision?,1.0,0.0,0.0,0.0,0.0,0.0,True,neutral,0.7550453543663025,0.7219280948873623,0.19999999999999996,0
1738,going off priv to enter a discord sweepstakes,0,,,,,,,,False,neutral,0.873538076877594,0.0,0.0,1
1592,#Snowden Sad to see intelligent Americans fall victim to the US propaganda machine in this case. So many lies set up to discredit by the US.,0,,,,,,,,False,negative,0.9296889901161194,0.46899559358928117,0.09999999999999998,1
2073,i got a job. i think i will like it. ^_^,0,,,,,,,,False,positive,0.9793557524681092,0.0,0.0,1
842,i’m dying,1,i am so drained ,1.0,0.0,0.0,0.0,1.0,0.0,True,neutral,0.4216914772987366,1.1567796494470395,0.30000000000000004,1
1558,@MartinSLewis @GMB We share a birthday Martin!Happy birthday fellow Taurean - hope your day has been good so far 😊,0,,,,,,,,False,positive,0.9886018633842468,0.0,0.0,1
2562,"I know I'm not the only person who feels uneasy seeing people hug, shake hands, pat each other on the back, peck each other on the cheek and more (😳) on any telly programme these days.

Actually, not uneasy - horrified. 😷 #SocialDistancing",0,,,,,,,,False,negative,0.5906327962875366,0.8812908992306927,0.30000000000000004,1
3389,"I'm late to the party, but The Politician on Netflix is making me laugh and cry multiple times in an episode and I love it so much",0,,,,,,,,False,positive,0.9718313217163086,0.0,0.0,1
969,Trains are so unreliable 🙄,0,,,,,,,,False,negative,0.9350789189338684,0.0,0.0,1
58,"Ah yes, it really is wood-burning stoves in sub-Saharan Africa thats driving the climate crisis 🧠 https://t.co/lShlgWYGOX",1,Wood burning stoves are definitely not an environmental issue that needs to be immediately addressed ,0.0,1.0,0.0,0.0,0.0,0.0,True,negative,0.7057222723960876,0.8812908992306927,0.30000000000000004,1
3313,"if you wear jewelry to the gym, i am afraid of you",0,,,,,,,,False,negative,0.827849805355072,0.0,0.0,1
997,"Ok but seriously.
Why did Hasting’s go back to Carmichael and tell her? Setting her up for the next season? Or am I just clutching at straws?! Considering he was appealing too?Surely there’s another one, it didn’t tie the ends up it asked more questions! Thurwell wasn’t dead?!",0,,,,,,,,False,negative,0.5022109150886536,0.0,0.0,1
3362,The rugrats movie is on 👏👏,0,,,,,,,,False,positive,0.9568819403648376,0.8812908992306927,0.30000000000000004,1
1867,@RFHanrahan @mikepompeo This is all Biden's failure....politicians like to pass the buck,0,,,,,,,,False,negative,0.8479689359664917,0.0,0.0,1
3346,I have a love hate relationship with the night shift.,0,,,,,,,,False,negative,0.7491284012794495,0.0,0.0,0
2024,FUCK JACOB FREY,0,,,,,,,,False,negative,0.8800732493400574,0.0,0.0,1
2648,"Remember that time when I was grieving and realized I've been wearing the same shirt for three days? Good, me either.",0,,,,,,,,False,negative,0.5962477922439575,1.360964047443681,0.5,0
2396,happy creme egg mcflurry day,0,,,,,,,,False,positive,0.9782233834266664,0.0,0.0,1
2208,Today is another day where I haven't met Danny Devito and I am sad,0,,,,,,,,False,negative,0.8757140040397644,0.0,0.0,1
1533,hissy fit clothing I am obsessed with everything you do,0,,,,,,,,False,positive,0.9769640564918518,0.0,0.0,1
1029,@Chris08505199 We watched this and were really saddened by the lack of deeper digging around this issue. There was an air of blame uk jobless for not stepping up. Needs a proper investigation and not a fluff piece IMO. Thanks for your tweet though.,0,,,,,,,,False,negative,0.8795319199562073,0.8812908992306927,0.30000000000000004,1
2746,@Abby_Starling You completely deserve it &amp; are crushing it 100% 🤧❤️ which reminds me I need to get @ you about having one of your Aggretsuko covers made into a print for our Sanrio theme bathroom b/c no have no wall art up,0,,,,,,,,False,positive,0.95720636844635,0.0,0.0,1
2794,"It's over
The journey is finally over
Just beat FFXIII and thus have completed every main series base Final Fantasy, with the vast majority being done since Jan of this year (all but 1 and 15)

Hot Take: XIII is a very good game and y'all complain too much about the linearity.",0,,,,,,,,False,positive,0.9132466316223145,0.0,0.0,1
3370,Discussing the origins of twerking in class... It all started with DJ Jubilee in NOLA #whoknew,0,,,,,,,,False,neutral,0.8554934859275818,0.0,0.0,1
188,Do you think anyone on Bachelor in Paradise has seen Oscar winner Parasite?,1,I do not think anyone on Bachelor in Paradise has seen Parasite.,1.0,0.0,0.0,0.0,0.0,1.0,True,neutral,0.8722561001777649,0.0,0.0,0
